"#script","url","tags"
"sahi_demo.sah","index.htm","all,accessor"
"clicksTest.sah","clicks.htm","all,action"
"link_test.sah","index.htm","all,accessor"
"id_as_associative_array.sah","index.htm","all,accessor"
"custom_accessor_attribute.sah","index.htm","all,accessor"
"setvalue/keyboard_events.sah",,"all,keyboard,events"
"setvalue/jquery_inputmask.s.csv",,"all"
"opener.sah","window_opener.htm","all"
"sahi_demo_frames.sah","framesTest.htm","all"
"blank.sah","index.htm","all"
"onchange.sah","onchange.htm","all"
"reset.sah","formTest.htm","all"
"if.sah","index.htm","all,programming"
"while.sah","index.htm","all,programming"
"alert.sah","alertTest.htm","all"
"jsPopup.sah","jsPopup.htm","popup,ie"
"modal.sah","showModal.htm","all"
"save_as.sah",,"all,attachment"
"download_in_popup.sah",,"all,attachment,popup"
"#zk_speed.sah","http://www.zkoss.org/zkdemo/userguide/","all,external"
"#google_search_dd.sah","https://www.google.co.in/","all,external"
"//extjs1.sah","http://www.extjs.com/deploy/dev/examples/feed-viewer/view.html","all,external"
"getwin_simple.sah",,"all"
"getwin_popupWithTitle.sah",,"all,popup"
"getwin_popupWithoutTitle.sah",,"all,popup"
"getwin_popupWithParam.sah",,"all"
"window_exists.sah",,"all"
"get_recent_window.sah",,"all"
"selectWindow2.sah",,"all"
"httpPatchRequest.sah",,"external, java1.8, ie, notWorking"
"byPassWaitMechanism.sah",,"all"
"testcasesInfo.sah",,"all"
"fetch_ddcsv_data.sah","https://www.google.co.in/search?q=sahipro&oq=sahipro","all"
"areEqual.sah","index.htm","all,small"
"#script","tags","prerequisites"
"pointerEvents.sah","all"
"//multi_browser_events.sah","all"
"toJson.sah","all"
"screenSize.sah","win,ie8,mac"
"ie9ClickTest.sah","win,action"
"wait_long.sah","all,wait"
"verify_shorthands.sah","all"
"label.sah","all,small"
"table_cell.sah","all,small"
"confirm.sah","all"
"popup_index.sah","win,popup"
"popup_title.sah","win,popup"
"wait_for.sah","all"
"wait_for_with_reload.sah","all,wait"
"keypress.sah","all"
"execute.sah","all"
"set.sah","all"
"spandiv.sah","all"
"popup_title_name_mix.sah","all,popup"
"readfile.sah","all"
"readURL.sah","all"
"trycatch.sah","all"
"testXHRReadyStateOne.sah","all"
"testFetchAPI.sah","all,ie"
"in.sah","all"
"lookinside.sah","all"
"delayedLoadIframe.sah","all,mac"
"window_opener_close.sah","all"
"doc_written_popup.sah","all,popup"
"headingsTest.sah","all"
"fileUpload.sah","all,attachment"
"setFile3.sah","all,attachment"
"fileUploadAngular.sah","all,attachment"
"#errorPages.sah","all"
"hidden.sah","all"
"//greek.sah","all"
"csv.sah","all"
"docWriteIFrame.sah","all"
"select.sah","all"
"textarea.sah","all"
"textbox.sah","all"
"table_2darray.sah","all"
"script_injection_test.sah","all"
"libTest.sah","all"
"is_visible.sah","all"
"map.sah","all"
"set_array.sah","all"
"language.sah","all"
"regexp.sah","all"
"RegExp_toString_Fix.sah","all"
"fetchAPIs.sah","all"
"browser.sah","all"
"//diffDomainExt.sah","all"
"204.sah","all"
"evalOnRhino.sah","all"
"positionalApiTest.sah","all"
"positionalsNew.sah","all"
"clickCombo.sah","all,small"
"onBeforeStep.sah","all"
"onAfterStep.sah","all"
"table_contents.sah","all"
"//sslCustomHostPort.sah","all"
"collect.sah","all"
"collectElementsInfoTest.sah","all"
"#sencha_combobox.sah","all"
"strict_visible.sah","all"
"close_window.sah","all"
"createSnapShot.sah","all"
"dragDrop.sah","all,dragDrop"
"dragDropXY.sah","all,dragDrop"
"#suiteInfo.sah","all"
"readExcelFileTests.sah","all"
"readExcelXlsxFileTests.sah","all"
"positionals.sah","all"
"assert_equal.sah","all"
"extract.sah","all"
"set_popup.sah","all,popup"
"window_name.sah","all"
"jsontest.sah","all"
"xhrstates.sah","all"
"close_open_browser.sah","all"
"//screenshot.sah","win,screenshot"
"framework/sample.xls","all"
"framework/scenario.s.csv","all"
"framework/scenario_passByObj.s.csv","all"
"framework/scenario_jsClass.s.csv","all"
"framework/scenario_new_datadrive.s.csv","all"
"framework/scenario_namingConvention.s.csv","all"
"framework/scenarioTest.s.csv","all"
"framework/objectTest.s.csv","all"
"framework/scenario_multi_language.s.csv","all"
"includetest.sah","all"
"includeoncetest.sah","all"
"parser_test.sah","all"
"parser_fetch_with_function.sah","all"
"suiteinsidesuite/consolidated.suite","all"
"switch.sah","all"
"switchCase_comment.sah","all"
"//multiBrowser.sah","all"
"verifyLayoutTest.sah","all"
"a1.sah","all"
"xml.sah","all"
"xmlns.sah","all"
"diffDomainsMultiIframes.sah","all"
"testFieldSet.sah","all"
"left_right_offsets.sah","all"
"mapDomainToIP.sah","all"
"collectAttributes.sah","all"
"trim.sah","all"
"basehref.sah","all"
"rest/restApisTest.suite","rest"
"ignorecase.sah","all"
"testFileUtils.sah","all"
"testcase_with_functions.sah","all"
"//testGetSelectionWithRTE.sah","all"
"testGetSelection.sah","all,ie8"
"create_document.sah","all"
"compare_images.sah","all"
"skip_screenshot.sah","all"
"assert_snap_shot.sah","win,beta"
"//pagescreenshot.sah","win"
"assert_log_images.sah","all"
"head_request_with_204_response.sah","all"
"//websocket_echo.sah","all,html5,websocket,external"
"browser_tag_test.sah","all,browsertag"
"blobTest.sah","all"
"//shadowRoot.sah","all,shadowRoot"
"clearTimeoutAll.sah","all,clearTimeout"
"diagnostics.sah","all,diagnose"
"fileExists.sah","all"
"makeAssociative.sah","all"
"mls/multi_language.sah","all"
"mls/sample/setLanguageGoogle.sah","all"
"framework/external_data.s.csv","all"
"resolve/use_resolveRelativePathTest.s.csv","win"
"resolve/use_resolveRelativePathTest.sah","win"
"getExcel.sah","all"
"excelDeleteColumnTest.sah","all"
"log_output.sah","all"
"cookie.sah","all"
"testResponsiveAPIs.sah","all,mac"
"launchNewBrowser.sah","all,mac","Browser:4"
"launchNewBrowserNonHTML.sah","all,mac"
"setPingDelayAfterStep.sah","all"
"testAlignmentAPIs.sah","all,mac"
"testAssertAlignmentAPIs.sah","all,mac"
"status302.sah","all,http,ie"
"setModeExceptionTest.sah","all"
"passwordEncoderTest.sah","all"
"framework/scriptsInJava.s.csv","all"
"invokeJavaFunctions.sah","all"
"isElementOnTopTest.sah","all"
"getSessionIdTest.sah","all","Browser:2"
"mls/LangTest2.s.csv","all"
"rename.sah","all"
"response_substitution.sah","all"
"getLayout.sah","all"
"//db.sah","all"
"xml_parsing.sah","all"
"react_test.sah","all"
"read_ar_csv.sah","all"
"elementIdentificationTest.sah","all"
"testXhrWrappingApp.sah", "all"
"httpHeaderManipulation.sah","all"
"crossdomaintest.sah","all"
"datalist.sah","all"
"script_info.sah","all"
"popup_test.sah","all,popup"
"csp_headers_test.sah","external"
"IE7TestPage.sah","all"
"framework/testcase2.xls","all"
"framework/testcase2.xlsx","all"
"mouseEvents.sah","all"
"openWindow.sah","all"
"_xyTest.sah","all"
"focusTest.sah","all"
"prompt.sah","all"
"print.sah","all"
"aboutBlankTest.sah","all"
"eventAttrs.sah","all"
"copyTextTest.sah","all"
"iframeDataURI.sah","all,ie"
"mockurl.sah","all"
"jsErrorConcurrentModificationException.sah","all"
"popup_test_different_target.sah","all"
"popup_window_name_multiline.sah","all"
"typescript/out/cart_execute.js","all"
"sameDomain.sah","all"
"script_status.s.csv","all"
"testElementNotPresentMessage.sah","all"
"parentTest.sah","all"
"aboutBlankTest.sah","all"
"blurTest.sah","all"
"popup_test_different_target.sah","all"
"testPermissionsPolicy.sah","all"
"speed_random_scriptStartTime.sah","all"
"rteTest.sah","all"
"activeElementTest.sah","all"
"//highlight_test.sah","all"
"mockurl.sah","all"
"screen_resolution.sah","all"
"VerifyBrowser.sah","all"
"absolute_position.sah","all"
"iframeShadowRoot.sah","all,ie"
"overrideXHR.sah","all"
"crossdomainNonSimple.sah","all"
"TestIsTrustedIssue.sah","all"
"getHarLogs.sah","all"
"keyPressNative.sah","all,ie"